Net Income To Total Assets,Roa(A) Before Interest And % After Tax,Roa(B) Before Interest And Depreciation After Tax,Roa(C) Before Interest And Depreciation Before Interest,Net Worth/Assets,Persistent Eps In The Last Four Seasons,Debt Ratio %,Current Liability To Assets,Borrowing Dependency,Current Liability To Current Assets,Liability To Equity,Current Liabilities/Equity
0.716845343,0.424389446,0.405749772,0.370594257,0.792423739,0.169140588,0.207576261,0.14730845,0.390284354,0.118250477,0.290201893,0.339077007
0.795297136,0.53821413,0.516730018,0.464290937,0.828823654,0.208943935,0.171176346,0.056962827,0.37676002,0.047775282,0.28384598,0.329740148
0.774669697,0.499018753,0.472295091,0.426071272,0.792484204,0.180580505,0.207515796,0.098162065,0.37909292,0.025346489,0.290188533,0.334776851
0.739554525,0.451264719,0.457733283,0.399844001,0.848535236,0.193722227,0.151464764,0.09871463,0.379742688,0.067249617,0.281721193,0.331508979
0.795015873,0.538432185,0.522297768,0.465022181,0.893490945,0.212536636,0.106509055,0.110194846,0.375025443,0.047725372,0.27851379,0.330726319
